,ИМТ 3 мес,СРБ,Лептинрезистентность,Глюкоза,СКФ,ДАД,Потерянный вес,success
0,32.3,1.16,2.0,6.9,68.97,90.0,10.0,1
1,29.0,3.63,1.0,5.3,108.55,60.0,12.359550561797752,1
2,36.29,2.05,1.0,5.26,149.87,70.0,7.258064516129033,1
3,37.8,5.78,2.0,5.69,97.06,70.0,3.9215686274509802,0
4,30.86,2.17,2.0,4.35,111.7,60.0,13.043478260869565,1
5,34.83,3.95,2.0,4.08,84.18,70.0,4.0,1
6,35.81,2.84,1.0,3.98,92.09,70.0,-2.2058823529411766,0
7,31.6,6.03,0.0,5.69,121.89,70.0,9.63855421686747,0
8,34.85,2.87,2.0,5.3,125.0,70.0,10.309278350515463,1
9,30.9,4.42,0.0,5.09,79.22,60.0,1.2195121951219512,0
10,26.81,0.53,2.0,4.13,90.42,60.0,12.5,1
11,34.31,1.38,,5.1,98.0,60.0,4.0,1
12,32.7,1.82,2.0,5.18,95.0,70.0,5.714285714285714,1
13,34.56,5.95,1.0,4.57,110.0,70.0,7.43801652892562,1
14,37.46,4.18,1.0,4.74,115.42,60.0,7.216494845360824,1
15,45.36,2.38,1.0,5.49,96.53,60.0,2.34375,0
16,33.0,1.06,1.0,5.08,67.85,60.0,4.761904761904762,1
17,38.83,2.28,2.0,5.44,78.52,60.0,3.6036036036036037,0
18,32.83,5.54,2.0,5.31,84.3,80.0,2.3529411764705883,0
19,28.93,0.55,2.0,5.97,109.58,70.0,4.45859872611465,1
20,30.5,2.28,2.0,5.15,88.91,70.0,3.4090909090909087,0
21,32.03,14.3,1.0,5.16,112.03,80.0,3.5294117647058822,1
22,33.02,0.33,2.0,5.68,77.64,70.0,4.888888888888889,1
23,38.3,2.5,0.0,5.46,73.32,70.0,1.0752688172043012,0
24,42.27,11.66,1.0,6.95,130.37,80.0,10.48951048951049,1
25,44.7,16.87,1.0,4.85,89.66,85.0,5.833333333333333,0
26,38.05,3.51,1.0,5.75,75.5,90.0,5.9405940594059405,0
27,29.4,0.9,1.0,5.31,80.47,80.0,9.278350515463918,1
28,43.75,7.26,1.0,5.66,84.66,80.0,1.7543859649122806,0
29,29.38,0.64,1.0,5.33,84.49,80.0,10.112359550561797,1
30,38.3,10.2,1.0,5.64,78.2,70.0,8.064516129032258,1
31,32.24,4.36,0.0,5.36,131.11,80.0,5.208333333333334,0
32,35.59,8.32,2.0,6.22,94.45,70.0,1.098901098901099,0
33,32.04,1.29,2.0,6.98,82.62,70.0,2.4390243902439024,1
34,38.97,6.15,0.0,5.45,104.35,80.0,2.6548672566371683,0
35,31.95,9.31,1.0,5.23,155.49,70.0,9.375,1
36,34.41,2.14,1.0,5.41,111.41,76.0,7.446808510638298,1
37,36.72,6.07,,6.3,,72.0,11.194029850746269,0
38,27.58,0.67,,5.16,,64.0,5.0,1
39,38.89,1.77,,5.24,,97.0,6.1946902654867255,1
40,37.03,7.98,,4.97,,73.0,1.639344262295082,0
41,31.12,1.29,,4.33,,69.0,7.142857142857142,1
42,35.83,5.8,,5.61,,84.0,2.4390243902439024,0
43,41.5,3.8,,4.98,,69.0,3.8095238095238098,0
44,29.48,1.03,,5.08,,54.0,2.857142857142857,0
45,38.54,6.05,,5.81,,68.0,10.377358490566039,1
46,28.01,0.93,,4.8,,74.0,6.976744186046512,0
47,32.27,0.61,,6.67,,75.0,5.263157894736842,0
48,45.9,16.67,,5.26,,96.0,1.6528925619834711,0
